test_type,param_value,perturb,algorithm,t or N,T_max,T_total,eval(s),errors,multiplicities
true eigenvalues,,,,,,,"[-0.3702402448465308, -4.2148359455373985e-18, 0.3702402448465306, -0.4746682171894517, 0.28030024207539145, -0.0674314126850891, 0.1308996938995747, 0.1308996938995747]",,
T_max,100,None,QPE,3,52.9480178334486,92.65903120853505,0.34561779564106965,0.02462244920546114,
T_max,100,None,KQPE,3,52.9480178334486,92.65903120853505,0.35600116289208883,0.014239081954441957,
T_max,100,None,QMEGS,58,100,2353.2938186530414,"[-3.148092653589793, -3.000092653589793, -2.808592653589793, -1.2280926535897931, -1.079592653589793, -0.37159265358979265, 0.9104073464102076, 1.1999073464102068]","[0.001352408743261868, 2.808592653589793, 0.540167101563677, 0.6049244364003414, 0.9196071043348153, 1.1606612409047041, 3.1309923474893675, 3.2789923474893676]",
T_max,100,None,TSRHSE,6400,100,18778357.66901635,"[-0.9454821992516067, -0.5928430347537282, -0.37746004368663755, -0.12316476964497217, 0.0645817576202604, 0.34821956600369464, 0.5521374523917412, 0.9355784483652327]","[0.007219798840106761, 0.0645817576202604, 0.022020678842835983, 0.11817481756427656, 0.2718372103163497, 0.05573335695988306, 0.8046787544656581, 1.0763818931511815]",
T_max,100,None,QFAMES,6400,100,18778357.66901635,"[0.1309073464102069, -0.06759265358979294, -0.0005926535897929925, 0.28040734641020726, 0.3704073464102071, -0.36959265358979265, -0.4750926535897931, 0.08190734641020708, 0.17740734641020706]","[0.0006475912567381337, 0.0005926535897929883, 0.0001671015636764972, 0.0004244364003413992, 0.00010710433481581072, 0.00016124090470383268, 7.652510632200071e-06, 0.04650765251063235]",[2 1 1 1 1 1 1 0 0]
T_max,100,Small,QPE,3,52.9480178334486,92.65903120853505,0.26373752817588914,0.10650271667064165,
T_max,100,Small,KQPE,3,52.9480178334486,92.65903120853505,0.35600116289208883,0.014239081954441957,
T_max,100,Small,QMEGS,58,100,2353.2938186530414,"[-1.5485926535897931, -0.771592653589793, -0.6985926535897933, -0.4970926535897931, -0.3900926535897931, -0.17259265358979337, 0.37690734641020646, 1.4949073464102067]","[0.01985240874326233, 0.6985926535897933, 0.006667101563675837, 0.02242443640034142, 1.2146071043348152, 0.10516124090470426, 0.9024923474893677, 1.679492347489368]",
T_max,100,Small,TSRHSE,6400,100,18778357.66901635,[],"[nan, nan, nan, nan, nan, nan, nan, nan]",
T_max,100,Small,QFAMES,6400,100,18778357.66901635,"[0.3689073464102071, 0.28140734641020715, 0.13140734641020724, -0.37059265358979265, -0.0010926535897929912, -0.06809265358979294, 0.17790734641020706, 0.234907346410207, 0.4179073464102068]","[0.0003524087432618672, 0.001092653589792987, 0.0013328984363235041, 0.7095755635996587, 0.0011071043348157006, 0.0006612409047038331, 0.0005076525106325336, 0.04700765251063235]",[1 1 1 0 0 0 0 0 0]
T_max,100,Big,QPE,3,52.9480178334486,92.65903120853505,0.2047006686629511,0.16553957618357967,
T_max,100,Big,KQPE,3,52.9480178334486,92.65903120853505,0.11866705429736293,0.2515731905491678,
T_max,100,Big,QMEGS,58,100,2353.2938186530414,"[-2.815092653589793, -2.1530926535897925, 0.28090734641020715, 0.3664073464102071, 0.48940734641020683, 1.0314073464102067, 1.3904073464102071, 2.0494073464102076]","[2.444852408743262, 1.3904073464102071, 0.0038328984363235064, 1.678424436400341, 0.0006071043348157001, 2.116838759095297, 0.3585076525106321, 0.900507652510632]",
T_max,100,Big,TSRHSE,6400,100,18778357.66901635,[],"[nan, nan, nan, nan, nan, nan, nan, nan]",
T_max,100,Big,QFAMES,6400,100,18778357.66901635,"[0.28140734641020715, 0.3679073464102071, 0.13240734641020724, 0.17790734641020706, 0.4179073464102065, 0.235407346410207, 0.08390734641020708, 0.5074073464102068, -0.004592653589793329]","[0.6056475912567378, 0.004592653589793325, 0.002332898436323505, 0.8925755635996582, 0.0011071043348157006, 0.24533875909529618, 0.0015076525106325345, 0.04699234748936762]",[1 1 1 0 0 0 0 0 0]
T_max,200,None,QPE,4,105.8960356668972,198.55506687543226,0.3585525045594821,0.011687740287048665,
T_max,200,None,KQPE,4,105.8960356668972,198.55506687543226,0.35600116289208883,0.014239081954441957,
T_max,200,None,QMEGS,62,200,4994.089888132578,"[-2.539842653589793, -2.356842653589793, -1.590592653589793, -0.3718426535897927, 0.2001573464102067, 0.7214073464102067, 0.9614073464102069, 2.6196573464102073]","[0.001602408743261896, 2.539842653589793, 0.35116710156367603, 1.1159244364003413, 0.6811071043348154, 2.2894112409047036, 0.06925765251063198, 2.4887576525106327]",
T_max,200,None,TSRHSE,6400,200,37556715.3380327,"[-0.5661109971962914, -0.3971702007485923, -0.20171393678429453, -0.07479354347962779, 0.11422313238299542, 0.2014761341454936, 0.38566739172398123, 0.5438203775722492]","[0.026929955902061486, 0.20171393678429453, 0.015427146877450615, 0.09144278000683975, 0.26352013549685777, 0.007362130794538679, 0.016676561516579286, 0.07057644024591889]",
T_max,200,None,QFAMES,6400,200,37556715.3380327,"[0.13090734641020685, 0.37040734641020706, -0.06734265358979294, -9.265358979304496e-05, -0.37009265358979315, -0.47459265358979313, 0.28015734641020673, 0.1071573464102065, 0.15465734641020715]","[0.00014759125673763362, 9.265358979304075e-05, 0.0001671015636764417, 7.556359965854575e-05, 0.00014289566518471686, 8.875909529616755e-05, 7.65251063214456e-06, 0.02374234748936821]",[2 1 1 1 1 1 1 0 0]
T_max,200,Small,QPE,4,105.8960356668972,198.55506687543226,0.26344086054014576,0.10679938430638503,
T_max,200,Small,KQPE,4,105.8960356668972,198.55506687543226,0.35600116289208883,0.014239081954441957,
T_max,200,Small,QMEGS,62,200,4994.089888132578,"[-1.8543426535897929, -1.0100926535897932, -0.3703426535897927, 0.08890734641020687, 0.11715734641020711, 0.36190734641020683, 1.1156573464102073, 2.2826573464102067]","[0.00010240874326189475, 2.2826573464102067, 0.008332898436323788, 0.5354244364003415, 0.8353571043348158, 1.7869112409047039, 0.01374234748936759, 0.04199234748936784]",
T_max,200,Small,TSRHSE,6400,200,37556715.3380327,[],"[nan, nan, nan, nan, nan, nan, nan, nan]",
T_max,200,Small,QFAMES,6400,200,37556715.3380327,"[0.37065734641020703, 0.27965734641020673, 0.13115734641020685, -0.37059265358979265, -0.06759265358979294, -9.265358979304496e-05, 0.39465734641020694, 0.15590734641020715, 0.23940734641020722]","[0.0003524087432618672, 9.265358979304075e-05, 0.00041710156367641416, 0.714075563599659, 0.0006428956651847173, 0.00016124090470383268, 0.0002576525106321448, 0.025007652510632444]",[1 1 1 0 0 0 0 0 0]
T_max,200,Big,QPE,4,105.8960356668972,198.55506687543226,0.2077860120746825,0.16245423277184828,
T_max,200,Big,KQPE,4,105.8960356668972,198.55506687543226,0.11866705429736293,0.2515731905491678,
T_max,200,Big,QMEGS,62,200,4994.089888132578,"[-3.106842653589793, -2.8795926535897927, -2.6070926535897927, -1.966842653589793, -1.3633426535897932, -0.5745926535897933, 0.37040734641020706, 2.1739073464102066]","[0.9931024087432625, 2.6070926535897927, 0.0001671015636764417, 0.0999244364003416, 1.893607104334815, 1.899411240904704, 3.0104923474893672, 3.2377423474893674]",
T_max,200,Big,TSRHSE,6400,200,37556715.3380327,[],"[nan, nan, nan, nan, nan, nan, nan, nan]",
T_max,200,Big,QFAMES,6400,200,37556715.3380327,"[0.37065734641020703, 0.27965734641020723, 0.13140734641020685, 0.39490734641020697, 0.23915734641020722, 0.3446573464102072, 0.15640734641020715, 0.30615734641020664, 0.1061573464102065]","[0.6763975912567375, 0.15640734641020715, 0.00041710156367641416, 0.8193255635996588, 0.0006428956651842177, 0.3065887590952963, 0.000507652510632145, 0.02474234748936821]",[1 1 1 0 0 0 0 0 0]
T_max,400,None,QPE,5,211.7920713337944,410.34713820922667,0.3708790448246208,0.0006387999780900211,
T_max,400,None,KQPE,5,211.7920713337944,410.34713820922667,0.3708345446792592,0.0005942998327284066,
T_max,400,None,QMEGS,66,400,10841.778766057156,"[-2.6729676535897933, -2.5744676535897932, -2.481717653589793, -2.3400926535897932, -1.589717653589793, -1.545967653589793, -0.37009265358979293, 2.826407346410207]","[0.00014759125673785567, 2.3400926535897932, 2.4561671015636763, 1.0712994364003414, 2.9532678956651846, 1.522286240904704, 2.6126173474893677, 2.705367347489368]",
T_max,400,None,TSRHSE,6400,400,75113430.6760654,"[-0.504439472661652, -0.3572980023294477, -0.14149625592693874, 0.003180649323814147, 0.07682406247196195, 0.20588498387520646, 0.30120731403714185, 0.4007467336372774]","[0.012942242517083091, 0.0031806493238141515, 0.0305064887907468, 0.02977125547220033, 0.0209070719617504, 0.07406484324184963, 0.05407563142761275, 0.07498528997563175]",
T_max,400,None,QFAMES,6400,400,75113430.6760654,"[0.13090734641020685, -0.3703426535897929, -9.265358979324055e-05, 0.3701573464102073, -0.47459265358979313, 0.28040734641020676, -0.06746765358979313, 0.14265734641020703, 0.11103234641020683]","[0.0001024087432621168, 9.265358979323634e-05, 8.289843632330873e-05, 7.556359965854575e-05, 0.00010710433481531112, 3.6240904704026855e-05, 7.65251063214456e-06, 0.011757652510632322]",[2 1 1 1 1 1 1 0 0]
T_max,400,Small,QPE,5,211.7920713337944,410.34713820922667,0.2653988669360523,0.10484137791047848,
T_max,400,Small,KQPE,5,211.7920713337944,410.34713820922667,0.3708345446792592,0.0005942998327284066,
T_max,400,Small,QMEGS,66,400,10841.778766057156,"[-1.8804676535897928, -1.2754676535897929, -1.232342653589793, -0.37171765358979264, 0.1287823464102069, 0.3855323464102067, 1.1470323464102072, 1.5661573464102065]","[0.0014774087432618543, 1.8804676535897928, 0.015292101563676108, 0.7576744364003414, 0.8667321043348157, 1.2080362409047039, 0.0021173474893678157, 1.4352576525106318]",
T_max,400,Small,TSRHSE,6400,400,75113430.6760654,[],"[nan, nan, nan, nan, nan, nan, nan, nan]",
T_max,400,Small,QFAMES,6400,400,75113430.6760654,"[0.3702823464102073, 0.280282346410207, 0.13103234641020683, -0.3703426535897929, 3.2346410206759556e-05, -0.06734265358979313, 0.3582823464102067, 0.2682823464102068, 0.3822823464102068]","[0.0001024087432621168, 3.234641020676377e-05, 4.21015636766775e-05, 0.8329505635996584, 1.789566518445307e-05, 8.875909529597326e-05, 0.0001326525106321308, 0.13738265251063211]",[1 1 1 0 0 0 0 0 0]
T_max,400,Big,QPE,5,211.7920713337944,410.34713820922667,0.2095956846527173,0.16064456019381348,
T_max,400,Big,KQPE,5,211.7920713337944,410.34713820922667,0.10383367251019257,0.26640657233633824,
T_max,400,Big,QMEGS,66,400,10841.778766057156,"[-3.018717653589793, -0.38809265358979345, -0.06509265358979319, 0.28340734641020715, 1.094032346410207, 1.2896573464102072, 2.3955323464102065, 2.557282346410207]","[0.01785240874326266, 2.557282346410207, 0.7237921015636765, 2.5440494364003414, 0.0031071043348157024, 0.0023387590952959197, 1.1587576525106325, 2.264632652510632]",
T_max,400,Big,TSRHSE,6400,400,75113430.6760654,[],"[nan, nan, nan, nan, nan, nan, nan, nan]",
T_max,400,Big,QFAMES,6400,400,75113430.6760654,"[0.3701573464102073, 0.280282346410207, 0.13103234641020683, 0.26815734641020683, 0.3822823464102068, 0.3582823464102067, 0.2924073464102074, 0.11928234641020712, 0.15015734641020667]","[0.6626475912567382, 0.15015734641020667, 8.289843632330873e-05, 0.8329505635996584, 1.789566518445307e-05, 0.33558875909529595, 0.0001326525106321308, 0.011617347489367588]",[1 1 1 0 0 0 0 0 0]
T_max,800,None,QPE,6,423.5841426675888,833.9312808768154,0.37079004453389774,0.0005497996873669586,
T_max,800,None,KQPE,6,423.5841426675888,833.9312808768154,0.3708345446792592,0.0005942998327284066,
T_max,800,None,QMEGS,70,800,22850.25456053869,"[-1.4263426535897932, -0.911905153589793, -0.8265301535897931, -0.36990515358979253, -0.03515515358979338, 0.018657346410207026, 0.20896984641020686, 0.5729698464102073]","[0.00033509125673825135, 0.01865734641020703, 0.2027296015636767, 0.3518619364003414, 0.07133039566518459, 0.032276259095295724, 1.0428048474893676, 1.557242347489368]",
T_max,800,None,TSRHSE,6400,800,150226861.3521308,"[-0.4940057891423195, -0.3777460761534016, -0.07341576653931306, -0.012162192600456206, 0.10875775659725703, 0.15127419688058802, 0.2745915788563857, 0.36701297172144776]","[0.007505831306870825, 0.012162192600456203, 0.0032272731250828635, 0.019337571952867838, 0.005708663219005761, 0.005984353854223953, 0.020374502981013315, 0.02214193730231767]",
T_max,800,None,QFAMES,6400,800,150226861.3521308,"[0.13090734641020685, -0.06740515358979282, -0.37021765358979286, 0.3702198464102068, -0.474655153589793, 0.28028234641020733, 9.484641020707945e-05, 0.1368448464102074, 0.12496984641020675]","[2.2591256737924947e-05, 9.484641020708367e-05, 2.0398436323842972e-05, 1.3063599658691416e-05, 1.7895665184120002e-05, 2.625909529628545e-05, 7.65251063214456e-06, 0.005929847489367951]",[2 1 1 1 1 1 1 0 0]
T_max,800,Small,QPE,6,423.5841426675888,833.9312808768154,0.2701900492533083,0.10005019559322248,
T_max,800,Small,KQPE,6,423.5841426675888,833.9312808768154,0.3708345446792592,0.0005942998327284066,
T_max,800,Small,QMEGS,70,800,22850.25456053869,"[0.2260948464102066, 0.27971984641020703, 0.9890323464102071, 1.051657346410207, 1.6601573464102066, 1.761407346410207, 2.2134698464102063, 3.0434073464102074]","[2.5837100912567372, 1.6601573464102066, 0.6187921015636765, 3.518075563599659, 0.0005803956651844189, 1.828838759095296, 0.0951951525106319, 0.9207576525106324]",
T_max,800,Small,TSRHSE,6400,800,150226861.3521308,"[-0.678922150198165, -0.39914288413744264, -0.15472302358180068, -0.08465446423210611, 0.13082989532022157, 0.24700768126373152, 0.380879307441231, 0.4452479969639888]","[0.028902639290911858, 0.15472302358180068, 0.010639062594700377, 0.20425393300871336, 0.03329256081165993, 0.017223051547017004, 6.979857935313083e-05, 0.3143483030644141]",
T_max,800,Small,QFAMES,6400,800,150226861.3521308,"[0.3702198464102068, 0.28034484641020735, 0.13090734641020685, -0.3701551535897929, -9.265358979324034e-05, -0.06746765358979281, 0.3761573464102073, 0.2744073464102068, 0.12496984641020675]","[8.509125673789031e-05, 9.265358979323612e-05, 2.0398436323842972e-05, 0.7490755635996584, 4.460433481590087e-05, 3.6240904703707666e-05, 7.65251063214456e-06, 0.005929847489367951]",[1 1 1 0 0 0 0 0 0]
T_max,800,Big,QPE,6,423.5841426675888,833.9312808768154,0.20682925894941,0.16341098589712078,
T_max,800,Big,KQPE,6,423.5841426675888,833.9312808768154,0.10383367251019257,0.26640657233633824,
T_max,800,Big,QMEGS,70,800,22850.25456053869,"[-2.7112176535897934, -1.8773426535897932, -1.4891551535897931, -1.086405153589793, -0.8914051535897931, -0.36434265358979323, 1.9754073464102062, 2.7352198464102067]","[0.0058975912567375555, 1.4891551535897931, 1.6051671015636755, 0.41673693640034143, 2.4549196043348154, 1.018973740904704, 2.008242347489368, 2.842117347489368]",
T_max,800,Big,TSRHSE,6400,800,150226861.3521308,[],"[nan, nan, nan, nan, nan, nan, nan, nan]",
T_max,800,Big,QFAMES,6400,800,150226861.3521308,"[0.3702198464102068, 0.28034484641020735, 0.13090734641020685, 0.3761573464102073, 0.2744073464102068, 0.3644073464102072, 0.28615734641020685, 0.12503234641020675, 0.35653234641020726]","[0.726772591256738, 0.2744073464102068, 2.0398436323842972e-05, 0.839075563599659, 4.460433481590087e-05, 0.35358875909529597, 7.65251063214456e-06, 0.005867347489367958]",[1 1 1 0 0 0 0 0 0]
T_max,1200,None,QPE,7,847.1682853351776,1681.099566211993,0.37018929257151734,5.0952275013449455e-05,
T_max,1200,None,KQPE,7,847.1682853351776,1681.099566211993,0.3708345446792592,0.0005942998327284066,
T_max,1200,None,QMEGS,72,1200,35057.2476802104,"[-3.1351759869231266, -2.70500932025646, -0.7310509869231258, -0.48888432025645945, -0.37013432025645904, -0.14659265358979257, 0.4314073464102076, 2.626115679743541]","[0.0001059245900717487, 0.7310509869231258, 0.061167101563676995, 0.014216103067007768, 2.3458154376681497, 0.07916124090470346, 2.8359090141560346, 3.266075680822701]",
T_max,1200,None,TSRHSE,6400,1200,225340292.02819598,"[-0.4609919600337262, -0.37799929654635717, -0.06796198466853262, 0.008142031439959532, 0.11471691234733122, 0.14347608186716682, 0.2738053983729697, 0.3706730036462249]","[0.00775905169982638, 0.008142031439959535, 0.0004327587996942883, 0.013676257155725458, 0.00649484370242176, 0.0005305719834435146, 0.012576387967592112, 0.01618278155224348]",
T_max,1200,None,QFAMES,6400,1200,225340292.02819598,"[0.1309073464102073, -0.3702593202564596, 0.37024067974354113, -0.06742598692312596, -0.4746759869231261, -9.320256459397717e-06, 0.2803240130768742, 0.12686567974354043, 0.13486567974354083]","[1.907540992879264e-05, 9.320256459393502e-06, 4.3489701051502294e-07, 7.769733674445334e-06, 2.377100148276412e-05, 5.425761963148701e-06, 7.65251063258865e-06, 0.003965985843966124]",[2 1 1 1 1 1 1 0 0]
T_max,1200,Small,QPE,7,847.1682853351776,1681.099566211993,0.27000463198096863,0.10023561286556215,
T_max,1200,Small,KQPE,7,847.1682853351776,1681.099566211993,0.3708345446792592,0.0005942998327284066,
T_max,1200,Small,QMEGS,72,1200,35057.2476802104,"[-1.9139676535897931, -0.5626343202564599, -0.041550986923125914, 1.1893240130768739, 1.4441156797435413, 2.364990679743541, 2.759865679743541, 2.786657346410208]","[1.5437274087432624, 2.786657346410208, 0.8190837682303432, 0.0879661030670082, 1.1638154376681498, 0.025880425761963192, 2.2340909858439666, 2.6289659858439665]",
T_max,1200,Small,TSRHSE,6400,1200,225340292.02819598,[],"[nan, nan, nan, nan, nan, nan, nan, nan]",
T_max,1200,Small,QFAMES,6400,1200,225340292.02819598,"[0.3702823464102078, 0.2802823464102075, 0.1309073464102073, -0.3702593202564596, 7.401307687393565e-05, -0.06742598692312596, 0.13486567974354083, 0.36636567974354095, 0.12694901307687376]","[1.907540992879264e-05, 7.401307687393987e-05, 4.21015636771771e-05, 0.6095338969329925, 1.789566518395347e-05, 5.425761963148701e-06, 7.65251063258865e-06, 0.003950680822700947]",[1 1 1 0 0 0 0 0 0]
T_max,1200,Big,QPE,7,847.1682853351776,1681.099566211993,0.1972580193512383,0.1729822254952925,
T_max,1200,Big,KQPE,7,847.1682853351776,1681.099566211993,0.10383367251019257,0.26640657233633824,
T_max,1200,Big,QMEGS,72,1200,35057.2476802104,"[-3.075342653589793, 0.369574013076874, 0.4115740130768739, 0.6186156797435409, 0.9829073464102073, 1.2579073464102077, 2.629282346410207, 3.0588656797435405]","[3.4291059245900715, 1.2579073464102077, 0.0006662317696566333, 2.6006744364003413, 0.13127377100148246, 2.6967137590952963, 0.48771598584396625, 0.8520076525106326]",
T_max,1200,Big,TSRHSE,6400,1200,225340292.02819598,[],"[nan, nan, nan, nan, nan, nan, nan, nan]",
T_max,1200,Big,QFAMES,6400,1200,225340292.02819598,"[0.37024067974354113, 0.2802823464102075, 0.1309073464102073, 0.36632401307687423, 0.27636567974354065, 0.13482401307687417, 0.3741573464102072, 0.284199013076874, 0.12694901307687376]","[0.6544392579234048, 0.12694901307687376, 4.3489701051502294e-07, 0.840992230266326, 1.789566518395347e-05, 0.34379709242862977, 7.65251063258865e-06, 0.003924319177299462]",[1 1 1 0 0 0 0 0 0]
T_max,1600,None,QPE,7,847.1682853351776,1681.099566211993,0.37010029228079433,0.00013995256573645642,
T_max,1600,None,KQPE,7,847.1682853351776,1681.099566211993,0.3708345446792592,0.0005942998327284066,
T_max,1600,None,QMEGS,74,1600,49136.51709222897,"[-2.444155153589793, -2.1223426535897927, -0.7642489035897928, -0.3704676535897929, -0.09981140358979301, 2.301751096410207, 2.867438596410207, 2.9037198464102065]","[0.00022740874326210303, 2.1223426535897927, 1.9315108515636763, 0.2895806864003411, 2.5871383543348156, 0.032379990904703906, 2.5750548474893677, 2.772820152510632]",
T_max,1600,None,TSRHSE,6400,1600,300453722.7042616,"[-0.47726714194539666, -0.3727506474128439, -0.061989973953603277, -0.0014127453186141264, 0.12038161815395203, 0.13208217158822486, 0.28051212288476113, 0.36704966088152036]","[0.00251040256631313, 0.0014127453186141223, 0.003190583965010263, 0.0025989247559449757, 0.00021188080936968, 0.00544143873148583, 0.001182477688650152, 0.010518075745622676]",
T_max,1600,None,QFAMES,6400,1600,300453722.7042616,"[0.13090734641020685, -0.3702489035897929, -0.06740515358979297, -0.474655153589793, 0.37025109641020676, 0.28028234641020733, 1.096410206919557e-06, 0.13384484641020714, 0.12793859641020688]","[8.658743262113244e-06, 1.0964102069237718e-06, 1.0851563676139708e-05, 1.3063599658691416e-05, 1.7895665184120002e-05, 2.6259095296132795e-05, 7.65251063214456e-06, 0.0029451525106324317]",[2 1 1 1 1 1 1 0 0]
T_max,1600,Small,QPE,7,847.1682853351776,1681.099566211993,0.2712283859784102,0.09901185886812058,
T_max,1600,Small,KQPE,7,847.1682853351776,1681.099566211993,0.3708345446792592,0.0005942998327284066,
T_max,1600,Small,QMEGS,74,1600,49136.51709222897,"[-2.227217653589793, -1.8067489035897932, -0.3704676535897929, -0.3357489035897929, -0.23737390358979318, -0.11759265358979325, 0.05321984641020701, 0.9314698464102069]","[0.00022740874326210303, 0.053219846410207015, 0.5612296015636763, 0.13891931359965876, 2.5075178956651842, 0.05016124090470414, 0.3682735974893679, 1.937648597489368]",
T_max,1600,Small,TSRHSE,6400,1600,300453722.7042616,"[-18.326636367597388, -6.342602599779089, -4.056727759923445, 1.878499639693275, 2.0415063731676857, 4.028520863047487, 6.177001514390058, 8.245579014273119]","[5.972362354932558, 8.245579014273119, 1.5082593948467444, 3.582059542733993, 1.7612061310922942, 18.2592049549123, 3.8976211691479126, 6.046101820490484]",
T_max,1600,Small,QFAMES,6400,1600,300453722.7042616,"[0.3702198464102068, 0.28031359641020737, 0.13090734641020685, -0.3702801535897929, -0.06743640358979297, 1.096410206919557e-06, 0.37318859641020746, 0.2773448464102066, 0.13384484641020714]","[3.9908743262095925e-05, 1.0964102069237718e-06, 2.0398436323842972e-05, 0.7520130635996582, 1.335433481591819e-05, 4.990904703863763e-06, 7.65251063214456e-06, 0.0029451525106324317]",[1 1 1 0 0 0 0 0 0]
T_max,1600,Big,QPE,7,847.1682853351776,1681.099566211993,0.2042705005911231,0.1659697442554077,
T_max,1600,Big,KQPE,7,847.1682853351776,1681.099566211993,0.10383367251019257,0.26640657233633824,
T_max,1600,Big,QMEGS,74,1600,49136.51709222897,"[-2.019936403589793, -1.9795301535897933, -1.8523739035897933, -1.4749364035897932, 0.03259484641020667, 0.1916573464102068, 0.28050109641020704, 1.6576260964102074]","[1.4821336587432625, 0.03259484641020668, 1.287385851563677, 1.0002681864003415, 0.00020085433481559223, 1.9120987409047043, 0.06075765251063209, 2.1508360974893677]",
T_max,1600,Big,TSRHSE,6400,1600,300453722.7042616,[],"[nan, nan, nan, nan, nan, nan, nan, nan]",
T_max,1600,Big,QFAMES,6400,1600,300453722.7042616,"[0.3702198464102068, 0.28031359641020737, 0.13093859641020686, 0.37318859641020746, 0.2773448464102066, 0.36528234641020685, 0.28521984641020726, 0.12803234641020703, 0.3790323464102068]","[0.7355225912567376, 0.2773448464102066, 2.0398436323842972e-05, 0.8478568135996591, 1.335433481591819e-05, 0.3526512590952964, 3.8902510632154996e-05, 0.0028673474893676776]",[1 1 1 0 0 0 0 0 0]
T_max,2400,None,QPE,8,1694.3365706703553,3375.4361368823484,0.36999460443556076,0.0002456404109700272,
T_max,2400,None,KQPE,8,1694.3365706703553,3375.4361368823484,0.3708345446792592,0.0005942998327284066,
T_max,2400,None,QMEGS,76,2400,76139.8454017453,"[-2.994092653589793, -0.5459884869231264, -0.3703634869231262, 0.048428179743540606, 1.2078656797435403, 1.4283656797435405, 1.4435740130768742, 1.5821781797435408]","[0.00012324207659542008, 0.04842817974354061, 0.8376254348970097, 0.07132026973367472, 1.148065437668149, 2.926661240904704, 1.3126743191772994, 1.451278485843966]",
T_max,2400,None,TSRHSE,6400,2400,450680584.05639195,"[-0.4787560257263739, -0.3673577348339662, -0.0720664550281875, 0.0014105743749661386, 0.12466626228304435, 0.14001676095949497, 0.2717734641182659, 0.3705887433177688]","[0.0028825100125645653, 0.0014105743749661427, 0.00034849847123819, 0.0040878085369221995, 0.008526777957125531, 0.004635042343098389, 0.006233431616530352, 0.00911706705992027]",
T_max,2400,None,QFAMES,6400,2400,450680584.05639195,"[0.1309073464102073, 0.28030317974354063, -0.47465515358979304, -0.06744682025645929, -9.320256459397771e-06, 0.37021984641020717, -0.3702384869231262, 0.27834484641020746, 0.12892817974354048]","[1.757923404566153e-06, 9.320256459393556e-06, 2.0398436323454394e-05, 1.3063599658635905e-05, 2.9376681491832812e-06, 1.5407571370182338e-05, 7.65251063258865e-06, 0.001971514156034221]",[2 1 1 1 1 1 1 0 0]
T_max,2400,Small,QPE,8,1694.3365706703553,3375.4361368823484,0.27233903543972465,0.09790120940680613,
T_max,2400,Small,KQPE,8,1694.3365706703553,3375.4361368823484,0.3708345446792592,0.0005942998327284066,
T_max,2400,Small,QMEGS,76,2400,76139.8454017453,"[-2.363696820256459, -1.9927384869231264, -1.9436134869231263, -0.8126134869231263, -0.721780153589793, -0.36978015358979255, 1.557136513076874, 1.9584281797435414]","[0.0004600912567382376, 1.9436134869231263, 1.1868962682303432, 0.2471119364003413, 1.67812793766815, 0.7451820742380372, 2.123638180822701, 2.494596514156034]",
T_max,2400,Small,TSRHSE,6400,2400,450680584.05639195,"[-0.5673079370748523, -0.3710086281296022, -0.08589094631017692, -0.0029979726842157793, 0.091207971223527, 0.20085794242181254, 0.3331518405777062, 0.374748591819727]","[0.0007683832830714388, 0.002997972684215775, 0.004508346973196353, 0.0926397198854006, 0.052851598502314745, 0.018459533625087815, 0.0396917226760477, 0.06995824852223784]",
T_max,2400,Small,QFAMES,6400,2400,450680584.05639195,"[0.3702406797435405, 0.28030317974354063, 0.1309073464102073, -0.37021765358979264, 5.317974354060223e-05, -0.06738432025645928, 0.3721990130768737, 0.2783240130768741, 0.368282346410207]","[2.2591256738146992e-05, 5.3179743540606445e-05, 4.348970099044003e-07, 0.8429505635996587, 2.9376681491832812e-06, 4.7092428629824656e-05, 7.65251063258865e-06, 0.1474243191772994]",[1 1 1 0 0 0 0 0 0]
T_max,2400,Big,QPE,8,1694.3365706703553,3375.4361368823484,0.20244228628585437,0.16779795856067642,
T_max,2400,Big,KQPE,8,1694.3365706703553,3375.4361368823484,0.10568784523358886,0.2645523996129419,
T_max,2400,Big,QMEGS,76,2400,76139.8454017453,"[-2.3542176535897927, -2.0114884869231267, -0.9735509869231261, -0.9241134869231262, -0.48950932025645955, 0.1791573464102073, 1.6628031797435403, 2.533428179743541]","[0.5538732420765955, 2.0114884869231267, 1.2925629348970098, 0.014841103067007866, 2.25312793766815, 0.906119574238037, 0.048257652510632604, 2.4851173474893673]",
T_max,2400,Big,TSRHSE,6400,2400,450680584.05639195,[],"[nan, nan, nan, nan, nan, nan, nan, nan]",
T_max,2400,Big,QFAMES,6400,2400,450680584.05639195,"[0.3702406797435405, 0.28030317974354063, 0.1309073464102073, 0.27834484641020746, 0.3721990130768737, 0.368282346410207, 0.2822406797435408, 0.1276573464102072, 0.3644281797435409]","[0.7346684245900716, 0.27834484641020746, 4.348970099044003e-07, 0.8429505635996587, 2.9376681491832812e-06, 0.3496720924286299, 7.65251063258865e-06, 0.0032423474893674975]",[1 1 1 0 0 0 0 0 0]
T_max,3200,None,QPE,8,1694.3365706703553,3375.4361368823484,0.37043775171645243,0.00019750686992164868,
T_max,3200,None,KQPE,8,1694.3365706703553,3375.4361368823484,0.3708345446792592,0.0005942998327284066,
T_max,3200,None,QMEGS,78,3200,103763.57115203848,"[-2.265592653589793, -1.705827028589793, -1.6290926535897932, -0.7790926535897928, -0.3701707785897931, -0.2942957785897933, -0.1801864035897931, 2.4904542214102077]","[6.946625673770468e-05, 0.7790926535897928, 2.120213976563677, 0.1803724385996584, 2.545892895665184, 0.11275499090470399, 1.759992347489368, 1.8367267224893677]",
T_max,3200,None,TSRHSE,6400,3200,600907445.4085232,"[-0.47459142841331964, -0.3667271712944699, -0.06629522678534204, -0.005024001199595628, 0.12424246673127744, 0.14194900944116426, 0.2793428542196123, 0.3669101751871461]","[0.0035130735520608747, 0.005024001199595624, 0.003330069659384538, 7.678877613204182e-05, 0.000957387855779146, 0.0011361858997470664, 0.006657227168297267, 0.011049315541589555]",
T_max,3200,None,QFAMES,6400,3200,600907445.4085232,"[0.13090734641020685, 1.0964102069195027e-06, -0.06740515358979311, 0.28029797141020735, -0.474670778589793, -0.37023327858979305, 0.37023547141020674, 0.13239172141020722, 0.278813596410207]","[6.966256737739318e-06, 1.0964102069237176e-06, 4.7734363238793875e-06, 2.56140034132768e-06, 2.2706651841009062e-06, 2.6259095295994017e-05, 7.65251063214456e-06, 0.0014920275106325154]",[2 1 1 1 1 1 1 0 0]
T_max,3200,Small,QPE,8,1694.3365706703553,3375.4361368823484,0.2738872696637605,0.0963529751827703,
T_max,3200,Small,KQPE,8,1694.3365706703553,3375.4361368823484,0.3708345446792592,0.0005942998327284066,
T_max,3200,Small,QMEGS,78,3200,103763.57115203848,"[-2.524358278589793, -1.847233278589793, -0.3703426535897929, -0.361405153589793, 0.44403234641020717, 1.6294073464102066, 1.701969846410207, 2.995891721410207]","[0.0001024087432621168, 2.524358278589793, 0.07379210156367655, 0.11326306359965865, 1.349107104334815, 1.779801865904704, 1.5710701525106323, 2.8649920275106324]",
T_max,3200,Small,TSRHSE,6400,3200,600907445.4085232,"[-0.4408337579424244, -0.35454072489683364, -0.07776627715372217, -0.01940574360852982, 0.11656075870735366, 0.14432660016522836, 0.31643544898794185, 0.38220189225294166]","[0.01569951994969715, 0.019405743608529816, 0.011961647406411036, 0.03383445924702727, 0.0361352069125504, 0.010334864468633062, 0.013426906265653654, 0.014338935192221042]",
T_max,3200,Small,QFAMES,6400,3200,600907445.4085232,"[0.37025109641020676, 0.28029797141020735, 0.13089172141020686, -0.370217653589793, -1.4528589793080457e-05, -0.06746765358979297, 0.27879797141020696, 0.1324073464102072, -0.47460827858979315]","[2.2591256737758414e-05, 1.4528589793076242e-05, 1.0851563676139708e-05, 5.993859965852666e-05, 2.2706651841009062e-06, 3.624090470386032e-05, 7.97248936784678e-06, 0.0015076525106325067]",[1 1 1 0 0 0 0 0 0]
T_max,3200,Big,QPE,8,1694.3365706703553,3375.4361368823484,0.20478781478095068,0.1654524300655801,
T_max,3200,Big,KQPE,8,1694.3365706703553,3375.4361368823484,0.10568784523358886,0.2645523996129419,
T_max,3200,Big,QMEGS,78,3200,103763.57115203848,"[-1.0738739035897928, -0.5047332785897929, -0.38249890358979294, 0.3701260964102069, 0.388516721410207, 1.2867667214102072, 1.4835010964102069, 1.8578448464102075]","[0.012258658743262152, 1.8578448464102075, 0.0001141484363237355, 0.03006506140034121, 0.10821647933481554, 1.0064424909047038, 1.1558670275106324, 1.352601402510632]",
T_max,3200,Big,TSRHSE,6400,3200,600907445.4085232,[],"[nan, nan, nan, nan, nan, nan, nan, nan]",
T_max,3200,Big,QFAMES,6400,3200,600907445.4085232,"[0.28029797141020735, 0.37025109641020676, 0.13090734641020685, 0.27879797141020696, 0.37173547141020713, 0.368751096410207, 0.1324229714102072, 0.2817823464102071, 0.2847042214102069]","[0.6549444662567376, 0.27879797141020696, 1.0851563676139708e-05, 0.8434193135996586, 2.2706651841009062e-06, 0.34921375909529623, 7.65251063214456e-06, 0.001523277510632498]",[1 1 1 0 0 0 0 0 0]
