test_type,param_value,perturb,algorithm,shots,t or N,T_max,T_total,eval(s),errors,multiplicities
true eigenvalues,,,,,,,,"[-0.44143059295916653, 8.12304596416874e-18, 0.310530899059592, -0.4414305929591667, 0.310530899059592, 0.0, 0.1308996938995747, 0.1308996938995747]",,
T_max,100,None,QPE,1000,3,56.934751758456336,99.63581557729859,0.0,0.44143059295916653,
T_max,100,None,KQPE,1000,3,56.934751758456336,99.63581557729859,0.0,0.44143059295916653,
T_max,100,None,QMEGS,1500,58,100,2353.2938186530414,"[-2.3610926535897927, -1.8645926535897932, -1.3020926535897932, -0.44159265358979294, 0.4189073464102065, 0.9819073464102068, 1.478407346410207, 2.658907346410207]","[0.8606620606306267, 1.8645926535897932, 0.10837644735061447, 0.00016206063062623732, 0.6713764473506147, 2.3610926535897927, 1.3475076525106322, 2.5280076525106323]",
T_max,100,None,Jennrich_V1,1500,3200,100,9359983.902765244,"[-0.5259362228076626, -0.39748708493593404, 0.007192697402869913, 0.284018128483028]","[0.04394350802323249, 0.0071926974028699055, 0.026512770576564038, 0.08450562984849591, nan, nan, nan, nan]",
T_max,100,None,Jennrich_V2,1500,3200,100,9359983.902765244,"[-0.8099121483609371, -0.5025448357112279, 0.06134593760952798, 0.5559475255713605]","[0.3684815554017705, 0.06134593760952797, 0.2454166265117685, 0.061114242752061176, nan, nan, nan, nan]",
T_max,100,None,CP_ALS,1500,3200,100,9359983.902765244,"[-0.4414363983161134, -0.44142827712562815, -7.965342115096085e-06, 0.31052836439116754]","[2.315833538379941e-06, nan, 2.5346684244809126e-06, 5.805356946719797e-06, nan, 7.965342115096085e-06, nan, nan]",
T_max,100,None,QFAMES,1500,3200,100,9359983.902765244,"[-0.4890926535897931, -0.44159265358979294, -0.3940926535897928, -0.04759265358979326, -9.265358979299206e-05, 0.04740734641020717, 0.26290734641020724, 0.31040734641020706, 0.3584073464102072]","[0.04733793936937375, 0.04740734641020716, 0.00012355264938496147, 0.00016206063062623732, 0.04762355264938478, 9.265358979299206e-05, 0.17849234748936796, 0.2275076525106325]",[2 1 1 0 0 0 0 0 0]
T_max,100,Small,QPE,1000,3,56.934751758456336,99.63581557729859,0.07162211370762481,0.3698084792515417,
T_max,100,Small,KQPE,1000,3,56.934751758456336,99.63581557729859,0.0,0.44143059295916653,
T_max,100,Small,QMEGS,1500,58,100,2353.2938186530414,"[-1.8670926535897931, -1.6045926535897932, -1.3065926535897932, -0.44359265358979294, 0.3194073464102073, 0.4204073464102065, 1.476907346410207, 1.7389073464102067]","[0.8651620606306266, 1.6045926535897932, 0.008876447350615269, 0.002162060630626239, 0.10987644735061447, 1.8670926535897931, 1.3460076525106321, 1.608007652510632]",
T_max,100,Small,Jennrich_V1,1500,3200,100,9359983.902765244,"[-0.7164717862535765, -0.27826404211051914, -0.0429989842512786, 0.314096304680459]","[0.1631665508486474, nan, 0.0035654056208669904, 0.27504119329440985, nan, 0.0429989842512786, nan, nan]",
T_max,100,Small,Jennrich_V2,1500,3200,100,9359983.902765244,"[-0.8103542988524101, -0.5017926753062923, 0.06147134246173061, 0.5560904096567976]","[0.3689237058932435, 0.0614713424617306, 0.24555951059720554, 0.060362082347125645, nan, nan, nan, nan]",
T_max,100,Small,CP_ALS,1500,3200,100,9359983.902765244,"[-0.44147486505994715, -0.00011083715962919738, 0.3106283697365112, 0.31105107136020627]","[nan, nan, 9.747067691917577e-05, 4.427210078045141e-05, 0.0005201723006142411, 0.00011083715962919738, nan, nan]",
T_max,100,Small,QFAMES,1500,3200,100,9359983.902765244,"[-0.4890926535897931, -0.44159265358979294, -0.3935926535897928, -0.0005926535897929925, 0.1269073464102069, 0.26240734641020724, 0.31090734641020706, 0.3584073464102072, 0.45190734641020663]","[0.04766206063062656, 0.3935926535897928, 0.000376447350615039, 0.00016206063062623732, 0.04787644735061519, 0.0005926535897929925, 0.0039923474893678035, 0.13150765251063254]",[1 0 0 0 0 0 0 0 0]
T_max,100,Big,QPE,1000,3,56.934751758456336,99.63581557729859,0.1634396770431315,0.27799091591603503,
T_max,100,Big,KQPE,1000,3,56.934751758456336,99.63581557729859,0.1103576482397917,0.3310729447193748,
T_max,100,Big,QMEGS,1500,58,100,2353.2938186530414,"[-2.1165926535897928, -1.6085926535897932, -1.1115926535897929, -0.5485926535897929, 0.31040734641020706, 1.1714073464102064, 1.7319073464102068, 2.230907346410207]","[0.6701620606306263, 1.6085926535897932, 0.00012355264938496147, 0.10716206063062622, 0.8608764473506143, 2.1165926535897928, 1.601007652510632, 2.1000076525106324]",
T_max,100,Big,Jennrich_V1,1500,3200,100,9359983.902765244,"[-36.91107447936584, -1.5586091830312616, 3.116862002289334, 20.36880612390388]","[36.46964388640667, nan, 2.8063311032297418, 1.117178590072095, 20.058275224844287, nan, nan, nan]",
T_max,100,Big,Jennrich_V2,1500,3200,100,9359983.902765244,[],"[nan, nan, nan, nan, nan, nan, nan, nan]",
T_max,100,Big,CP_ALS,1500,3200,100,9359983.902765244,"[-0.4411822884428493, 0.1312848632895101, 0.31053451592160475, 0.31060896460306286]","[0.0002483045163172437, nan, 3.6168620127230433e-06, nan, 7.806554347083994e-05, nan, 0.00038516938993540806, nan]",
T_max,100,Big,QFAMES,1500,3200,100,9359983.902765244,"[-0.016092653589793116, 0.04790734641020683, 0.1269073464102069, 0.19740734641020719, 0.26190734641020724, 0.31090734641020706, 0.3584073464102072, 0.45240734641020663, 0.5779073464102066]","[0.7033379393693737, 0.04790734641020682, 0.000376447350615039, 0.8938379393693734, 0.04787644735061519, 0.016092653589793116, 0.0039923474893678035, 0.06650765251063248]",[1 1 0 0 0 0 0 0 0]
T_max,100,Rand,QPE,1000,3,56.934751758456336,99.63581557729859,0.07388444549654054,0.367546147462626,
T_max,100,Rand,KQPE,1000,3,56.934751758456336,99.63581557729859,0.0,0.44143059295916653,
T_max,100,Rand,QMEGS,1500,58,100,2353.2938186530414,"[-1.8685926535897932, -0.5505926535897933, -0.44909265358979283, -0.0010926535897929912, 0.3164073464102073, 0.42140734641020683, 1.7344073464102068, 2.5894073464102076]","[0.10916206063062672, 1.8685926535897932, 0.005876447350615266, 0.007662060630626133, 0.1108764473506148, 0.0010926535897929912, 1.603507652510632, 2.458507652510633]",
T_max,100,Rand,Jennrich_V1,1500,3200,100,9359983.902765244,"[-0.3966811719732565, -0.174831214913746, 0.10183148193568509, 0.30763227803328064]","[0.04474942098591006, 0.174831214913746, 0.0028986210263113876, nan, nan, nan, 0.029068211963889617, nan]",
T_max,100,Rand,Jennrich_V2,1500,3200,100,9359983.902765244,"[-0.9970625205135899, -0.005438187806002985, 0.12331312793687521, 0.6828829485564395]","[nan, nan, 0.37235204949684747, 0.5556319275544233, nan, 0.005438187806002985, 0.007586565962699493, nan]",
T_max,100,Rand,CP_ALS,1500,3200,100,9359983.902765244,"[-0.00012947978265966884, -4.534070397996035e-05, 0.130896229205343, 0.13090485244274747]","[nan, 0.00012947978265967697, nan, nan, nan, 4.534070397996035e-05, 3.464694231708476e-06, 5.158543172761876e-06]",
T_max,100,Rand,QFAMES,1500,3200,100,9359983.902765244,"[-0.4890926535897931, -0.44209265358979294, -0.04759265358979326, -9.265358979299206e-05, 0.048407346410207164, 0.13090734641020724, 0.17790734641020706, 0.31190734641020695, 0.3594073464102072]","[0.04766206063062656, 0.04759265358979327, 0.0013764473506149288, 0.0006620606306262378, 0.04887644735061519, 9.265358979299206e-05, 7.652510632533138e-06, 0.04700765251063235]",[1 1 0 0 0 0 0 0 0]
T_max,100,Stand,QPE,1000,3,56.934751758456336,99.63581557729859,0.29741386200623865,0.14401673095292788,
T_max,100,Stand,KQPE,1000,3,56.934751758456336,99.63581557729859,0.3310729447193751,0.11035764823979144,
T_max,100,Stand,QMEGS,1500,58,100,2353.2938186530414,"[-2.969592653589793, -1.292092653589793, -0.729592653589793, 0.1309073464102069, 0.9914073464102076, 1.5539073464102071, 2.0504073464102075, 2.558907346410208]","[0.8506620606306264, 2.558907346410208, 0.6808764473506155, 0.28816206063062627, 1.243376447350615, 2.969592653589793, 7.652510632200071e-06, 1.9195076525106327]",
T_max,100,Stand,Jennrich_V1,1500,3200,100,9359983.902765244,"[-0.4819493419193783, -0.06453820523971052, 0.1692626883823314, 0.3122948205575025]","[nan, nan, 0.0017639214979104922, 0.040518748960211626, nan, 0.06453820523971052, 0.03836299448275671, nan]",
T_max,100,Stand,Jennrich_V2,1500,3200,100,9359983.902765244,"[-0.38051215385977805, 0.00016610377643721847, 0.003630140029031854, 0.3145579905663404]","[0.06091843909938849, 0.00016610377643721033, 0.004027091506748348, nan, nan, 0.003630140029031854, nan, nan]",
T_max,100,Stand,CP_ALS,1500,3200,100,9359983.902765244,"[-0.4414275003580553, 6.853687848214104e-06, 0.13088600021479174, 0.3105431936913778]","[3.0926011112542007e-06, 6.853687848205981e-06, 1.2294631785758625e-05, nan, nan, nan, 1.3693684782961624e-05, nan]",
T_max,100,Stand,QFAMES,1500,3200,100,9359983.902765244,"[-0.4890926535897931, -0.44159265358979294, -0.04709265358979326, -0.0005926535897929925, 0.08290734641020708, 0.13090734641020724, 0.17790734641020706, 0.31090734641020695, 0.3584073464102072]","[0.04766206063062656, 0.04709265358979327, 0.00037644735061492796, 0.00016206063062623732, 0.04787644735061519, 0.0005926535897929925, 7.652510632533138e-06, 0.04700765251063235]",[1 0 0 0 0 0 0 0 0]
T_max,200,None,QPE,1000,4,113.86950351691267,213.50531909421125,0.0,0.44143059295916653,
T_max,200,None,KQPE,1000,4,113.86950351691267,213.50531909421125,0.0,0.44143059295916653,
T_max,200,None,QMEGS,1500,62,200,4994.089888132578,"[-2.6093426535897932, -1.6553426535897933, -1.1520926535897928, -0.8720926535897932, -0.44134265358979297, 0.269407346410207, 0.7726573464102069, 1.7264073464102068]","[8.793936937356861e-05, 1.1520926535897928, 0.041123552649385, 0.43066206063062645, 0.46212644735061487, 1.6553426535897933, 1.595507652510632, 2.740242347489368]",
T_max,200,None,Jennrich_V1,1500,3200,200,18719967.80553049,"[-0.47902637009423205, -0.3956471777926765, -0.0012283687570027785, 0.3178136549087296]","[0.04578341516649004, nan, 0.007282755849137568, 0.037595777135065345, nan, 0.0012283687570027785, nan, nan]",
T_max,200,None,Jennrich_V2,1500,3200,200,18719967.80553049,"[-0.809845449250816, -0.5027087602780567, 0.06132391234657565, 0.5559394812265469]","[0.3684148562916495, 0.061323912346575644, 0.24540858216695488, 0.061278167318889964, nan, nan, nan, nan]",
T_max,200,None,CP_ALS,1500,3200,200,18719967.80553049,"[-0.44143593031638667, -0.44143262763087354, 3.4006190397135052e-06, 0.31052754558655216]","[5.337357220136507e-06, 3.400619039705382e-06, 3.3534730398687707e-06, 2.034671706840907e-06, nan, nan, nan, nan]",
T_max,200,None,QFAMES,1500,3200,200,18719967.80553049,"[-0.46509265358979285, -0.44134265358979297, -0.4175926535897931, -0.023842653589792904, -9.265358979304496e-05, 0.02390734641020731, 0.2866573464102071, 0.310407346410207, 0.3344073464102069]","[8.793936937356861e-05, 0.02384265358979291, 0.00012355264938501698, 0.023662060630626147, 0.0238735526493849, 9.265358979304496e-05, 0.1069923474893674, 0.20350765251063221]",[2 1 1 0 0 0 0 0 0]
T_max,200,Small,QPE,1000,4,113.86950351691267,213.50531909421125,0.07865741378291155,0.36277317917625496,
T_max,200,Small,KQPE,1000,4,113.86950351691267,213.50531909421125,0.0,0.44143059295916653,
T_max,200,Small,QMEGS,1500,62,200,4994.089888132578,"[-2.6093426535897932, -1.1523426535897927, -0.44109265358979294, 0.14040734641020663, 0.268657346410207, 0.30790734641020706, 1.3836573464102073, 1.9084073464102067]","[0.0003379393693735966, 1.9084073464102067, 0.0026235526493849637, 0.7109120606306261, 0.041873552649385026, 2.6093426535897932, 0.009507652510631931, 1.2527576525106325]",
T_max,200,Small,Jennrich_V1,1500,3200,200,18719967.80553049,"[-0.5658775190552761, -0.3844723759338687, -0.024946123857098, 0.33329060653328063]","[0.05695821702529785, nan, 0.022759707473688606, 0.12444692609610936, nan, 0.024946123857098, nan, nan]",
T_max,200,Small,Jennrich_V2,1500,3200,200,18719967.80553049,"[-0.8095360207460164, -0.5019736985279369, 0.06184963500125547, 0.5558518988391754]","[0.36810542778684985, 0.06184963500125546, 0.24532099977958338, 0.06054310556877024, nan, nan, nan, nan]",
T_max,200,Small,CP_ALS,1500,3200,200,18719967.80553049,"[-0.4414529250843757, -2.820909290018012e-05, 0.31049414816701537, 0.3105320633508405]","[nan, nan, 1.1642912484677304e-06, 2.2332125209023612e-05, 3.675089257665354e-05, 2.820909290018012e-05, nan, nan]",
T_max,200,Small,QFAMES,1500,3200,200,18719967.80553049,"[-0.4653426535897929, -0.44134265358979297, -9.265358979304496e-05, 0.13190734641020685, 0.23990734641020672, 0.2866573464102071, 0.310407346410207, 0.3344073464102069, 0.38090734641020685]","[8.793936937356861e-05, 0.3344073464102069, 0.00012355264938501698, 0.023912060630626175, 0.0238735526493849, 9.265358979304496e-05, 0.0010076525106321454, 0.10900765251063202]",[1 0 0 0 0 0 0 0 0]
T_max,200,Big,QPE,1000,4,113.86950351691267,213.50531909421125,0.16595031354058679,0.2754802794185798,
T_max,200,Big,KQPE,1000,4,113.86950351691267,213.50531909421125,0.13794706029973963,0.3034835326594269,
T_max,200,Big,QMEGS,1500,62,200,4994.089888132578,"[-2.432842653589793, -1.8568426535897928, -1.2093426535897929, -0.40034265358979293, -0.11834265358979315, 0.310157346410207, 1.0216573464102066, 1.649407346410207]","[0.041087939369373605, 1.8568426535897928, 0.00037355264938504495, 0.7679120606306262, 0.7111264473506145, 0.11834265358979315, 1.5185076525106322, 2.5637423474893675]",
T_max,200,Big,Jennrich_V1,1500,3200,200,18719967.80553049,"[-54.79313520057703, -7.202436357582881, 0.07159404754587677, 35.28493789868883]","[6.7610057646237145, nan, 34.97440699962924, 54.35170460761786, nan, nan, 0.059305646353697936, nan]",
T_max,200,Big,Jennrich_V2,1500,3200,200,18719967.80553049,"[-0.3405799843037958, 0.1906068230020706, 0.282104531540649, 1.3433144558275183]","[0.10085060865537071, nan, 0.028426367518943008, nan, 1.0327835567679262, nan, 0.0597071291024959, nan]",
T_max,200,Big,CP_ALS,1500,3200,200,18719967.80553049,"[-0.44126662966636165, 0.1309710426887812, 0.3105204719263129, 0.31052548802167446]","[0.00016396329280488064, nan, 5.411037917568695e-06, nan, 1.0427133279145018e-05, nan, 7.134878920650456e-05, nan]",
T_max,200,Big,QFAMES,1500,3200,200,18719967.80553049,"[0.10465734641020649, 0.13140734641020685, 0.17440734641020728, 0.23940734641020722, 0.2866573464102071, 0.310407346410207, 0.3344073464102069, 0.3811573464102068, 2.666907346410207]","[0.7758379393693735, 0.17440734641020728, 0.00012355264938501698, 0.8225879393693736, 0.0238735526493849, 0.23940734641020722, 0.000507652510632145, 0.026242347489368212]",[1 1 0 0 0 0 0 0 0]
T_max,200,Rand,QPE,1000,4,113.86950351691267,213.50531909421125,0.08574789268231815,0.3556827002768484,
T_max,200,Rand,KQPE,1000,4,113.86950351691267,213.50531909421125,0.0,0.44143059295916653,
T_max,200,Rand,QMEGS,1500,62,200,4994.089888132578,"[-2.976592653589793, -1.207592653589793, -1.1505926535897928, -0.44309265358979333, 0.002657346410206901, 0.13365734641020724, 0.710657346410207, 1.9039073464102079]","[0.7091620606306263, 0.002657346410206893, 0.4001264473506149, 0.0016620606306266272, 1.5933764473506158, 1.207592653589793, 0.0027576525106325356, 3.1074923474893676]",
T_max,200,Rand,Jennrich_V1,1500,3200,200,18719967.80553049,"[-0.5684255133615532, -0.15937724277109053, -0.08173777053846729, 0.296431469817948]","[nan, 0.15937724277109053, 0.014099429241644035, 0.12699492040238652, nan, 0.08173777053846729, nan, nan]",
T_max,200,Rand,Jennrich_V2,1500,3200,200,18719967.80553049,"[-0.4401398868694176, -0.37332182518684703, 0.05874397566501481, 0.31082208239422304]","[0.0012907060897489608, 0.058743975665014804, 0.00029118333463101775, 0.06810876777231967, nan, nan, nan, nan]",
T_max,200,Rand,CP_ALS,1500,3200,200,18719967.80553049,"[-0.44145254601833805, -0.4414518977849668, -0.00013948084598626296, 0.3105319017692695]","[2.1953059171520017e-05, nan, 1.0027096774556377e-06, 2.130482580009474e-05, nan, 0.00013948084598626296, nan, nan]",
T_max,200,Rand,QFAMES,1500,3200,200,18719967.80553049,"[-0.44159265358979294, -0.023342653589792903, -9.265358979304496e-05, 0.13115734641020685, 0.24040734641020672, 0.2866573464102071, 0.310407346410207, 0.3344073464102069, 0.3806573464102068]","[0.7758379393693735, 0.02334265358979291, 0.00012355264938501698, 0.00016206063062623732, 0.0238735526493849, 9.265358979304496e-05, 0.0002576525106321448, 0.10950765251063202]",[1 0 0 0 0 0 0 0 0]
T_max,200,Stand,QPE,1000,4,113.86950351691267,213.50531909421125,0.30180057852377035,0.1396300144353962,
T_max,200,Stand,KQPE,1000,4,113.86950351691267,213.50531909421125,0.3034835326594272,0.13794706029973935,
T_max,200,Stand,QMEGS,1500,62,200,4994.089888132578,"[-2.036842653589793, -1.083092653589793, -0.5798426535897931, -0.29959265358979287, 0.13090734641020685, 0.8416573464102068, 1.3446573464102067, 2.2986573464102076]","[0.14183793936937367, 1.083092653589793, 0.5311264473506148, 0.13841206063062644, 1.0341264473506147, 2.036842653589793, 7.65251063214456e-06, 2.167757652510633]",
T_max,200,Stand,Jennrich_V1,1500,3200,200,18719967.80553049,"[-0.3768455503571783, -0.01920009717164311, 0.1300209659286223, 0.2636143609060244]","[0.06458504260198822, nan, 0.04691653815356761, nan, nan, 0.01920009717164311, 0.0008787279709523976, nan]",
T_max,200,Stand,Jennrich_V2,1500,3200,200,18719967.80553049,"[-0.6274968494953287, 0.002035621521604207, 0.003815626272678284, 0.06974900816899252]","[nan, 0.0020356215216041987, nan, 0.186066256536162, nan, 0.003815626272678284, 0.06115068573058219, nan]",
T_max,200,Stand,CP_ALS,1500,3200,200,18719967.80553049,"[4.094684900378108e-06, 2.584289518510772e-05, 0.1308976411070026, 0.31052357640856565]","[nan, 4.094684900369985e-06, 7.322651026375748e-06, nan, nan, 2.584289518510772e-05, 2.0527925720936757e-06, nan]",
T_max,200,Stand,QFAMES,1500,3200,200,18719967.80553049,"[-0.44159265358979294, -9.265358979304496e-05, 0.02440734641020731, 0.1069073464102065, 0.13090734641020685, 0.15465734641020715, 0.28640734641020715, 0.310657346410207, 0.3346573464102069]","[0.548337939369373, 0.024407346410207302, 0.0001264473506149555, 0.00016206063062623732, 0.024123552649384872, 9.265358979304496e-05, 7.65251063214456e-06, 0.023757652510632443]",[1 0 0 0 0 0 0 0 0]
T_max,400,None,QPE,1000,5,227.73900703382535,441.2443261280366,0.0,0.44143059295916653,
T_max,400,None,KQPE,1000,5,227.73900703382535,441.24432612803656,0.0,0.44143059295916653,
T_max,400,None,QMEGS,1500,66,400,10841.778766057156,"[-2.9690926535897932, -2.0172176535897934, -1.525217653589793, -0.44146765358979295, -0.0858426535897932, 0.6422823464102073, 1.1344073464102071, 2.086282346410208]","[1.0837870606306264, 2.0172176535897934, 0.3317514473506153, 3.706063062625109e-05, 0.823876447350615, 0.0858426535897932, 1.955382652510633, 3.099992347489368]",
T_max,400,None,Jennrich_V1,1500,3200,400,37439935.61106098,"[-0.46964377304381816, -0.41936129284228274, -0.009084627003771302, 0.3154878292357075]","[0.022069300116883794, nan, 0.004956930176115482, 0.028213180084651457, nan, 0.009084627003771302, nan, nan]",
T_max,400,None,Jennrich_V2,1500,3200,400,37439935.61106098,"[-0.8130212687140728, -0.5028741409053976, 0.06486136682090762, 0.5559317295225912]","[0.37159067575490623, 0.06486136682090761, 0.24540083046299915, 0.061443547946230914, nan, nan, nan, nan]",
T_max,400,None,CP_ALS,1500,3200,400,37439935.61106098,"[-0.44142985177044225, -0.4414291903707027, 0.3105108099026196, 0.3105534323386281]","[7.41188724284747e-07, nan, 2.0089156972435962e-05, 1.4025884639834452e-06, 2.253327903606328e-05, nan, nan, nan]",
T_max,400,None,QFAMES,1500,3200,400,37439935.61106098,"[-0.45334265358979314, -0.44146765358979295, -0.42959265358979304, -0.011842653589792975, 3.2346410206759556e-05, 0.011907346410207133, 0.29853234641020665, 0.310532346410207, 0.3224073464102072]","[0.011837939369373496, 3.234641020675143e-05, 1.447350614969256e-06, 3.706063062625109e-05, 0.01187644735061516, 0.011842653589792975, 0.11899234748936757, 0.16763265251063195]",[2 1 1 0 0 0 0 0 0]
T_max,400,Small,QPE,1000,5,227.73900703382535,441.2443261280366,0.07079443134582639,0.3706361616133401,
T_max,400,Small,KQPE,1000,5,227.73900703382535,441.24432612803656,0.0,0.44143059295916653,
T_max,400,Small,QMEGS,1500,66,400,10841.778766057156,"[-2.967592653589793, -1.215967653589793, -0.7962176535897929, -0.44096765358979295, -0.08421765358979301, 0.30890734641020706, 0.6420323464102073, 1.0834073464102065]","[0.0004629393693735828, 1.215967653589793, 0.0016235526493849628, 0.3547870606306262, 0.3315014473506153, 0.08421765358979301, 0.9525076525106319, 3.0984923474893677]",
T_max,400,Small,Jennrich_V1,1500,3200,400,37439935.61106098,"[-0.45624374698322406, -0.3780344576478355, -0.010443113516850896, 0.2960754439425607]","[0.06339613531133104, nan, 0.014455455117031335, 0.014813154024057362, nan, 0.010443113516850896, nan, nan]",
T_max,400,Small,Jennrich_V2,1500,3200,400,37439935.61106098,"[-0.8129358211137682, -0.5030175171755056, 0.06500762741007073, 0.06533606146209237]","[0.37150522815460163, 0.06500762741007071, nan, 0.06158692421633888, nan, 0.06533606146209237, nan, nan]",
T_max,400,Small,CP_ALS,1500,3200,400,37439935.61106098,"[-0.44142669870954265, -6.400715270494521e-07, 0.3105089795520247, 0.31051316338100454]","[3.894249623881407e-06, nan, 1.7735678587482706e-05, nan, 2.1919507567302876e-05, 6.400715270494521e-07, nan, nan]",
T_max,400,Small,QFAMES,1500,3200,400,37439935.61106098,"[-0.45334265358979314, -0.44146765358979295, 3.2346410206759556e-05, 0.13115734641020685, 0.28340734641020715, 0.29865734641020664, 0.310532346410207, 0.3224073464102072, 0.3456573464102067]","[0.011912060630626609, 3.234641020675143e-05, 1.447350614969256e-06, 3.706063062625109e-05, 0.011873552649385388, 0.3224073464102072, 0.0002576525106321448, 0.15250765251063245]",[1 0 0 0 0 0 0 0 0]
T_max,400,Big,QPE,1000,5,227.73900703382535,441.2443261280366,0.17226828890231485,0.2691623040568517,
T_max,400,Big,KQPE,1000,5,227.73900703382535,441.24432612803656,0.13794706029973963,0.3034835326594269,
T_max,400,Big,QMEGS,1500,66,400,10841.778766057156,"[-1.2654676535897929, -1.212092653589793, -0.7730926535897932, 0.310532346410207, 1.085907346410207, 1.394407346410207, 1.8857823464102068, 2.8374073464102074]","[0.7706620606306264, 1.2654676535897929, 1.447350614969256e-06, 0.3316620606306265, 0.7753764473506148, 2.8374073464102074, 1.2635076525106321, 1.754882652510632]",
T_max,400,Big,Jennrich_V1,1500,3200,400,37439935.61106098,"[-4.683558969414548, -0.8820934255528142, 0.36031742380567555, 3.9214330340124226]","[4.242128376455382, nan, 0.04978652474608353, 0.4406628325936475, 3.6109021349528305, nan, nan, nan]",
T_max,400,Big,Jennrich_V2,1500,3200,400,37439935.61106098,"[-0.2134511387426843, -0.11870930183875124, -0.04768097837917629, 0.1335807256183769]","[0.22797945421648225, 0.11870930183875125, nan, nan, nan, 0.04768097837917629, 0.002681031718802185, nan]",
T_max,400,Big,CP_ALS,1500,3200,400,37439935.61106098,"[-0.4414198897123329, 0.1309170670072873, 0.3105348755149093, 0.31055115478445516]","[1.0703246833609903e-05, nan, 3.976455317300509e-06, nan, 2.0255724863138536e-05, nan, 1.7373107712603808e-05, nan]",
T_max,400,Big,QFAMES,1500,3200,400,37439935.61106098,"[-0.8678426535897934, 0.13115734641020685, 0.2674073464102068, 0.28340734641020715, 0.29865734641020664, 0.310532346410207, 0.3224073464102072, 0.3456573464102067, 1.488532346410207]","[0.7870879393693733, 0.28340734641020715, 1.447350614969256e-06, 0.4264120606306267, 0.011873552649385388, 0.3224073464102072, 0.0002576525106321448, 0.1365076525106321]",[1 1 0 0 0 0 0 0 0]
T_max,400,Rand,QPE,1000,5,227.73900703382535,441.2443261280366,0.026554809107699875,0.4148757838514667,
T_max,400,Rand,KQPE,1000,5,227.73900703382535,441.24432612803656,0.0,0.44143059295916653,
T_max,400,Rand,QMEGS,1500,66,400,10841.778766057156,"[-2.5279676535897933, -2.1127176535897934, -1.657967653589793, -1.083717653589793, 3.234641020675999e-05, 0.3555323464102069, 0.5459073464102069, 1.5757823464102072]","[1.2165370606306265, 3.2346410206751865e-05, 0.0450014473506149, 0.6422870606306263, 0.23537644735061486, 2.1127176535897934, 1.4448826525106324, 2.658867347489368]",
T_max,400,Rand,Jennrich_V1,1500,3200,400,37439935.61106098,"[-0.04424962489806602, 0.06363640891184513, 0.12316172611412429, 0.16247664303431025]","[nan, 0.06363640891184512, nan, nan, nan, 0.04424962489806602, 0.007737967785450411, 0.03157694913473555]",
T_max,400,Rand,Jennrich_V2,1500,3200,400,37439935.61106098,"[-0.18649219316616544, 0.0011800439188883278, 0.0037158084045420424, 0.6202802444244471]","[0.2549383997930011, 0.0011800439188883198, 0.30974934536485504, nan, nan, 0.0037158084045420424, nan, nan]",
T_max,400,Rand,CP_ALS,1500,3200,400,37439935.61106098,"[-0.44142171040392286, -5.514473772102129e-06, 6.400048846068959e-06, 0.3105259596777745]","[8.882555243672208e-06, 6.400048846060836e-06, 4.939381817503641e-06, nan, nan, 5.514473772102129e-06, nan, nan]",
T_max,400,Rand,QFAMES,1500,3200,400,37439935.61106098,"[-0.44146765358979295, -0.03521765358979338, -0.011842653589792975, 3.2346410206759556e-05, 0.011907346410207133, 0.13090734641020685, 0.29853234641020665, 0.310532346410207, 0.3224073464102072]","[0.40621293936937314, 3.234641020675143e-05, 1.447350614969256e-06, 3.706063062625109e-05, 0.01187644735061516, 0.011842653589792975, 7.65251063214456e-06, 0.11899234748936757]",[1 1 0 0 0 0 0 0 0]
T_max,400,Stand,QPE,1000,5,227.73900703382535,441.2443261280366,0.305207870913174,0.13622272204599256,
T_max,400,Stand,KQPE,1000,5,227.73900703382535,441.24432612803656,0.31727823868940114,0.1241523542697654,
T_max,400,Stand,QMEGS,1500,66,400,10841.778766057156,"[-2.3968426535897933, -1.4448426535897931, -0.9528426535897929, -0.2247176535897929, 0.13090734641020685, 1.214657346410207, 1.7066573464102068, 2.6586573464102066]","[0.21671293936937364, 1.4448426535897931, 0.904126447350615, 0.5114120606306263, 1.3961264473506148, 2.3968426535897933, 7.65251063214456e-06, 2.527757652510632]",
T_max,400,Stand,Jennrich_V1,1500,3200,400,37439935.61106098,"[-0.3792140776169866, 0.025620499908477857, 0.1503588906510621, 0.20713114917558842]","[0.06221651534217992, 0.02562049990847785, nan, nan, nan, nan, 0.019459196751487384, 0.07623145527601372]",
T_max,400,Stand,Jennrich_V2,1500,3200,400,37439935.61106098,"[-0.8662178536674716, 0.0012733241059945445, 0.06355882803904264, 0.5558848469026128]","[nan, 0.0012733241059945364, 0.24535394784302073, 0.4247872607083049, nan, 0.06355882803904264, nan, nan]",
T_max,400,Stand,CP_ALS,1500,3200,400,37439935.61106098,"[-0.44143672097285847, 5.8637335189212975e-05, 0.1308989363651643, 0.31051498063086014]","[nan, 5.863733518920485e-05, 1.591842873188698e-05, 6.128013691764078e-06, nan, nan, 7.575344103949444e-07, nan]",
T_max,400,Stand,QFAMES,1500,3200,400,37439935.61106098,"[-0.4532176535897931, -0.44146765358979295, 3.2346410206759556e-05, 0.011907346410207133, 0.11903234641020692, 0.13090734641020685, 0.142782346410207, 0.29853234641020665, 0.310532346410207]","[0.011787060630626567, 3.234641020675143e-05, 1.447350614969256e-06, 3.706063062625109e-05, 0.011998552649385374, 0.011907346410207133, 7.65251063214456e-06, 0.011867347489367783]",[1 0 0 0 0 0 0 0 0]
T_max,800,None,QPE,1000,6,455.4780140676507,896.7223401956874,0.0,0.44143059295916653,
T_max,800,None,KQPE,1000,6,455.4780140676507,896.7223401956873,0.0,0.44143059295916653,
T_max,800,None,QMEGS,1500,70,800,22850.25456053869,"[-1.229405153589793, -0.983280153589793, -0.4414676535897929, -0.26346765358979285, 0.10040734641020717, 0.34646984641020706, 0.38721984641020696, 3.0615948464102067]","[0.17796293936937368, 0.983280153589793, 0.035938947350615036, 3.706063062619558e-05, 0.07668894735061493, 1.229405153589793, 0.030492347489367536, 2.930695152510632]",
T_max,800,None,Jennrich_V1,1500,3200,800,74879871.22212195,"[-0.45162154419450684, -0.4264436728472152, 0.0010210134570128695, 0.3070818446137181]","[0.014986920111951352, 0.0010210134570128615, 0.0034490544458739003, 0.01019095123534014, nan, nan, nan, nan]",
T_max,800,None,Jennrich_V2,1500,3200,800,74879871.22212195,"[-0.8130111768943041, -0.502801799250887, 0.06480267953394875, 0.5559737610085177]","[0.3715805839351376, 0.06480267953394873, 0.24544286194892567, 0.06137120629172027, nan, nan, nan, nan]",
T_max,800,None,CP_ALS,1500,3200,800,74879871.22212195,"[-0.4414319242315432, -0.44143146707017167, -7.248141767631201e-07, 0.3105322668199335]","[1.3312723766700785e-06, nan, 1.3677603414863349e-06, 8.741110049670375e-07, nan, 7.248141767631201e-07, nan, nan]",
T_max,800,None,QFAMES,1500,3200,800,74879871.22212195,"[-0.44740515358979255, -0.44140515358979293, -0.43546765358979295, -0.0059676535897933295, -3.015358979292066e-05, 0.005969846410206724, 0.3045948464102066, 0.3105323464102067, 0.3164698464102067]","[2.543936937360325e-05, 0.005967653589793337, 1.4473506146917003e-06, 0.005962939369373754, 0.005936052649385404, 3.015358979292066e-05, 0.12492984748936797, 0.185570152510632]",[2 1 1 0 0 0 0 0 0]
T_max,800,Small,QPE,1000,6,455.4780140676507,896.7223401956874,0.07667097611459531,0.36475961684457126,
T_max,800,Small,KQPE,1000,6,455.4780140676507,896.7223401956873,0.0,0.44143059295916653,
T_max,800,Small,QMEGS,1500,70,800,22850.25456053869,"[-3.0224051535897933, -0.983592653589793, -0.7452801535897928, -0.4414676535897929, 0.10021984641020716, 0.13134484641020716, 0.31065734641020704, 0.6145948464102066]","[0.3038495606306263, 0.983592653589793, 0.000126447350615011, 3.706063062619558e-05, 0.30406394735061454, 3.0224051535897933, 0.0004451525106324572, 0.030679847489367543]",
T_max,800,Small,Jennrich_V1,1500,3200,800,74879871.22212195,"[-0.4698880043475258, -0.44325421312890784, 0.0013876804568684813, 0.3174989888369142]","[0.028457411388359277, 0.0013876804568684733, 0.006968089777322162, 0.0018236201697411358, nan, nan, nan, nan]",
T_max,800,Small,Jennrich_V2,1500,3200,800,74879871.22212195,"[-0.813036823410556, -0.5031786941978523, 0.06480592092964788, 0.5559437156720599]","[0.3716062304513895, 0.06480592092964786, 0.2454128166124679, 0.061748101238685627, nan, nan, nan, nan]",
T_max,800,Small,CP_ALS,1500,3200,800,74879871.22212195,"[-0.44142926129190974, -3.8126319362460685e-06, 0.31052605535573197, 0.3105301167817365]","[1.3316672567986743e-06, nan, 7.822778555488519e-07, nan, 4.843703860057946e-06, 3.8126319362460685e-06, nan, nan]",
T_max,800,Small,QFAMES,1500,3200,800,74879871.22212195,"[-0.44140515358979293, -0.4354051535897929, 3.2346410207079396e-05, 0.13090734641020685, 0.29296984641020707, 0.3045323464102066, 0.3105323464102067, 0.3164698464102067, 0.32803234641020723]","[2.543936937360325e-05, 3.234641020707127e-05, 1.4473506146917003e-06, 0.006025439369373775, 0.005938947350614676, 0.3045323464102066, 7.65251063214456e-06, 0.16207015251063236]",[1 0 0 0 0 0 0 0 0]
T_max,800,Big,QPE,1000,6,455.4780140676507,896.7223401956874,0.1674884232629289,0.27394216969623764,
T_max,800,Big,KQPE,1000,6,455.4780140676507,896.7223401956873,0.13104970728475265,0.3103808856744139,
T_max,800,Big,QMEGS,1500,70,800,22850.25456053869,"[-0.5184676535897932, -0.4775926535897928, -0.23134265358979342, 0.13165734641020715, 0.31040734641020673, 0.8523448464102072, 1.098344846410207, 2.874907346410206]","[0.07703706063062665, 0.23134265358979342, 0.00012355264938529453, 0.0361620606306261, 0.5418139473506152, 2.874907346410206, 0.0007576525106324505, 0.9674451525106323]",
T_max,800,Big,Jennrich_V1,1500,3200,800,74879871.22212195,"[-0.6444325787325796, 0.4210706733308605, 0.9290087595425923, 1.200093304726224]","[nan, nan, 0.11053977427126849, 0.20300198577341294, 0.6184778604830004, nan, 1.0691936108266493, nan]",
T_max,800,Big,Jennrich_V2,1500,3200,800,74879871.22212195,"[-0.024148260164130415, -0.01842696978056649, 0.003505373164337887, 0.005080364112299921]","[nan, 0.003505373164337879, nan, nan, nan, 0.005080364112299921, 0.1493266636801412, 0.1550479540637051]",
T_max,800,Big,CP_ALS,1500,3200,800,74879871.22212195,"[-0.4414384285997973, 0.13087303421263596, 0.31053532519241756, 0.3105394805306194]","[nan, nan, 4.426132825530171e-06, 7.835640630615703e-06, 8.581471027391263e-06, nan, 2.6659686938740323e-05, nan]",
T_max,800,Big,QFAMES,1500,3200,800,74879871.22212195,"[-0.27859265358979296, 0.13090734641020685, 0.2929073464102071, 0.3045948464102066, 0.3105323464102067, 0.3164698464102067, 0.3281573464102071, 0.34371984641020664, 2.259844846410206]","[0.16283793936937357, 0.3164698464102067, 1.4473506146917003e-06, 0.7851504393693733, 0.005936052649385404, 0.3281573464102071, 7.65251063214456e-06, 0.1620076525106324]",[1 1 0 0 0 0 0 0 0]
T_max,800,Rand,QPE,1000,6,455.4780140676507,896.7223401956874,0.04139791279595187,0.4000326801632147,
T_max,800,Rand,KQPE,1000,6,455.4780140676507,896.7223401956873,0.0,0.44143059295916653,
T_max,800,Rand,QMEGS,1500,70,800,22850.25456053869,"[-2.5650926535897933, -1.2637176535897934, -0.7879676535897933, -0.541842653589793, 3.234641020707918e-05, 0.5419698464102067, 0.7880323464102067, 0.828844846410207]","[0.3465370606306267, 3.2346410207071055e-05, 0.2314389473506147, 0.1004120606306263, 0.47750144735061467, 1.2637176535897934, 0.6979451525106323, 2.695992347489368]",
T_max,800,Rand,Jennrich_V1,1500,3200,800,74879871.22212195,"[-0.036772758523833514, 0.017901049075312515, 0.12123059003381356, 0.41559721522070764]","[nan, 0.01790104907531251, 0.10506631616111561, nan, nan, 0.036772758523833514, 0.009669103865761142, nan]",
T_max,800,Rand,Jennrich_V2,1500,3200,800,74879871.22212195,"[-0.1302667350896102, 0.0014194608882793407, 0.00827188257513772, 0.12628038490851443]","[nan, 0.0014194608882793327, nan, nan, nan, 0.00827188257513772, 0.004619308991060278, 0.2611664289891849]",
T_max,800,Rand,CP_ALS,1500,3200,800,74879871.22212195,"[1.6041555102683549e-06, 0.13089891958307925, 0.13090066827495278, 0.310527553892026]","[nan, 1.6041555102602318e-06, 3.3451675660045588e-06, nan, nan, nan, 7.743164954499004e-07, 9.743753780766529e-07]",
T_max,800,Rand,QFAMES,1500,3200,800,74879871.22212195,"[-0.44140515358979293, 3.2346410207079396e-05, 0.006032346410206724, 0.12496984641020675, 0.13090734641020685, 0.1368448464102074, 0.3045323464102066, 0.3105323464102067, 0.3164698464102067]","[2.543936937360325e-05, 3.234641020707127e-05, 1.4473506146917003e-06, 0.5782754393693741, 0.005938947350614676, 0.006032346410206724, 7.65251063214456e-06, 0.005929847489367951]",[1 1 1 0 0 0 0 0 0]
T_max,800,Stand,QPE,1000,6,455.4780140676507,896.7223401956874,0.3103670909683842,0.13106350199078232,
T_max,800,Stand,KQPE,1000,6,455.4780140676507,896.7223401956873,0.3103808856744142,0.13104970728475235,
T_max,800,Stand,QMEGS,1500,70,800,22850.25456053869,"[-0.697717653589793, -0.6570301535897931, -0.41096765358979326, -0.047030153589792796, 0.13090734641020685, 0.308844846410207, 0.672719846410207, 0.9188448464102068]","[0.030462939369373276, 0.697717653589793, 0.0016860526493850392, 0.2155995606306264, 0.36218894735061496, 0.047030153589792796, 7.65251063214456e-06, 0.7879451525106321]",
T_max,800,Stand,Jennrich_V1,1500,3200,800,74879871.22212195,"[-0.37365193843695677, 0.0399578181891701, 0.13813270801964836, 0.20062507976829613]","[0.06777865452220977, 0.039957818189170095, nan, nan, nan, nan, 0.007233014120073655, 0.06972538586872143]",
T_max,800,Stand,Jennrich_V2,1500,3200,800,74879871.22212195,"[-0.31392564226884484, 0.0012810389398544657, 0.1250464433444627, 0.18776981801342893]","[0.1275049506903217, 0.0012810389398544577, nan, nan, nan, nan, 0.005853250555112016, 0.056870124113854226]",
T_max,800,Stand,CP_ALS,1500,3200,800,74879871.22212195,"[-0.4414305007354322, 1.0570748504293098e-05, 0.13090046110200948, 0.31052430219966365]","[9.222373431594377e-08, 1.0570748504284975e-05, 6.596859928376109e-06, nan, nan, nan, 7.672024347760154e-07, nan]",
T_max,800,Stand,QFAMES,1500,3200,800,74879871.22212195,"[-0.44740515358979255, -0.44140515358979293, 3.2346410207079396e-05, 0.006094846410206724, 0.12496984641020675, 0.13090734641020685, 0.1368448464102074, 0.30446984641020663, 0.3105323464102067]","[2.543936937360325e-05, 3.234641020707127e-05, 1.4473506146917003e-06, 0.005974560630625847, 0.00606105264938539, 0.006094846410206724, 7.65251063214456e-06, 0.005929847489367951]",[1 0 0 0 0 0 0 0 0]
T_max,1200,None,QPE,1000,7,910.9560281353014,1807.6783683309886,0.0,0.44143059295916653,
T_max,1200,None,KQPE,1000,7,910.9560281353014,1807.6783683309886,0.0,0.44143059295916653,
T_max,1200,None,QMEGS,1500,72,1200,35057.2476802104,"[-2.7767593202564598, -0.8026343202564596, -0.44142598692312623, -0.08021765358979287, 0.11107401307687394, 1.8938656797435418, 2.7151156797435405, 3.1211573464102083]","[4.606036040299966e-06, 2.7767593202564598, 1.5833347806839497, 0.36120372729729294, 2.4045847806839484, 0.08021765358979287, 0.019825680822700767, 2.9902576525106337]",
T_max,1200,None,Jennrich_V1,1500,3200,1200,112319806.83318314,"[-0.45467480770714813, -0.4325600275461066, -0.004005080274512164, 0.30575142187133997]","[0.008870565413059917, nan, 0.004779477188252057, 0.013244214747981431, nan, 0.004005080274512164, nan, nan]",
T_max,1200,None,Jennrich_V2,1500,3200,1200,112319806.83318314,"[-0.8134471073598144, -0.5027624336500277, 0.06508131691571539, 0.5560665299058399]","[0.37201651440064787, 0.06508131691571538, 0.2455356308462479, 0.061331840690861006, nan, nan, nan, nan]",
T_max,1200,None,CP_ALS,1500,3200,1200,112319806.83318314,"[-0.44143020668233646, -0.4414300120218154, -4.5760493388697264e-07, 0.3105308012430512]","[3.862768300777475e-07, nan, 9.781654081164604e-08, 5.809373512799532e-07, nan, 4.5760493388697264e-07, nan, nan]",
T_max,1200,None,QFAMES,1500,3200,1200,112319806.83318314,"[-0.44538432025645985, -0.4414259869231263, -0.43746765358979267, -0.003967653589792559, -9.320256459397717e-06, 0.003949013076874143, 0.3065740130768738, 0.3105323464102074, 0.31449067974354095]","[4.6060360402444545e-06, 0.003949013076874135, 1.4473506153578342e-06, 0.0039537272972931525, 0.003956885982718206, 9.320256459397717e-06, 0.13486734748936727, 0.18359098584396624]",[2 1 1 0 0 0 0 0 0]
T_max,1200,Small,QPE,1000,7,910.9560281353014,1807.6783683309886,0.06851485617437318,0.37291573678479334,
T_max,1200,Small,KQPE,1000,7,910.9560281353014,1807.6783683309886,0.0,0.44143059295916653,
T_max,1200,Small,QMEGS,1500,72,1200,35057.2476802104,"[-2.77650932025646, -1.4055093202564595, -1.243217653589793, -0.44125932025645953, 0.3100323464102073, 1.268407346410207, 1.2743240130768738, 1.8939906797435417]","[0.0001712727027070038, 1.4055093202564595, 0.0004985526493846981, 0.8017870606306263, 0.957876447350615, 2.77650932025646, 1.143424319177299, 1.763090985843967]",
T_max,1200,Small,Jennrich_V1,1500,3200,1200,112319806.83318314,"[-0.4626057927447092, -0.39418279074443247, -0.003679367445123298, 0.319045546541579]","[0.04724780221473407, nan, 0.008514647481986992, 0.021175199785542498, nan, 0.003679367445123298, nan, nan]",
T_max,1200,Small,Jennrich_V2,1500,3200,1200,112319806.83318314,"[-0.8134332331397363, -0.5027270532836846, 0.0650796612400308, 0.5560983474299306]","[0.3720026401805697, 0.06507966124003078, 0.24556744837033856, 0.06129646032451791, nan, nan, nan, nan]",
T_max,1200,Small,CP_ALS,1500,3200,1200,112319806.83318314,"[-0.4414284383384697, -0.4414275655336203, -1.6413939947680227e-06, 0.3105318941049575]","[2.154620696859233e-06, nan, 9.950453654927749e-07, 3.027425546420215e-06, nan, 1.6413939947680227e-06, nan, nan]",
T_max,1200,Small,QFAMES,1500,3200,1200,112319806.83318314,"[-0.4414259869231263, -0.43746765358979267, -9.320256459397717e-06, 0.13086567974354063, 0.2988656797435402, 0.3065740130768738, 0.3105323464102074, 0.31449067974354095, 0.3221990130768741]","[4.6060360402444545e-06, 0.31449067974354095, 1.4473506153578342e-06, 0.00396293936937403, 0.003956885982718206, 9.320256459397717e-06, 3.401415603407343e-05, 0.16796598584396552]",[1 0 0 0 0 0 0 0 0]
T_max,1200,Big,QPE,1000,7,910.9560281353014,1807.6783683309886,0.16327069189426435,0.2781599010649022,
T_max,1200,Big,KQPE,1000,7,910.9560281353014,1807.6783683309886,0.13104970728475265,0.3103808856744139,
T_max,1200,Big,QMEGS,1500,72,1200,35057.2476802104,"[-2.8460509869231267, -2.0246759869231266, -0.05067598692312601, 0.13024067974354092, 0.3105323464102074, 0.6718240130768737, 0.8629906797435405, 2.6457406797435414]","[1.58324539396396, 2.6457406797435414, 1.4473506153578342e-06, 2.40462039396396, 0.36129311401728165, 0.05067598692312601, 0.0006590141560337825, 0.7320909858439658]",
T_max,1200,Big,Jennrich_V1,1500,3200,1200,112319806.83318314,"[-0.05855554778551592, 0.3434722754274282, 0.8016807692838372, 0.988087014012308]","[nan, nan, 0.03294137636783617, nan, 0.4911498702242452, 0.05855554778551592, 0.8571873201127334, nan]",
T_max,1200,Big,Jennrich_V2,1500,3200,1200,112319806.83318314,"[-0.014923765964747792, -0.005347007987977358, 0.004675595711665211, 0.006540156085739527]","[nan, 0.004675595711665204, nan, nan, nan, 0.005347007987977358, 0.12435953781383517, 0.1458234598643225]",
T_max,1200,Big,CP_ALS,1500,3200,1200,112319806.83318314,"[0.1308848876934565, 0.3105120866164993, 0.3105316092651753, 0.31053643050956026]","[nan, nan, 7.102055832874932e-07, nan, 5.531449968232405e-06, nan, 1.4806206118211929e-05, 0.1796123927169246]",
T_max,1200,Big,QFAMES,1500,3200,1200,112319806.83318314,"[-0.9892176535897929, 0.13086567974354063, 0.13474067974354084, 0.29882401307687356, 0.3065740130768738, 0.3105323464102074, 0.31449067974354095, 0.3221990130768741, 1.6101573464102072]","[0.7636296060360406, 0.29882401307687356, 1.4473506153578342e-06, 0.5477870606306261, 0.003956885982718206, 0.31449067974354095, 3.401415603407343e-05, 0.003840985843966138]",[1 1 0 0 0 0 0 0 0]
T_max,1200,Rand,QPE,1000,7,910.9560281353014,1807.6783683309886,0.19590206900816776,0.24552852395099878,
T_max,1200,Rand,KQPE,1000,7,910.9560281353014,1807.6783683309886,0.3103808856744142,0.13104970728475235,
T_max,1200,Rand,QMEGS,1500,72,1200,35057.2476802104,"[-1.5898843202564596, -0.23042598692312613, 0.0002823464102073344, 0.13078234641020728, 0.3106573464102074, 0.4921156797435407, 1.196949013076874, 2.031449013076874]","[0.2110046060360404, 0.0002823464102073263, 0.00012644735061539958, 1.148453727297293, 0.18158478068394868, 2.031449013076874, 0.00011734748936742534, 1.0660493191772993]",
T_max,1200,Rand,Jennrich_V1,1500,3200,1200,112319806.83318314,"[-0.3262122255092085, -0.048117954791506476, 0.11152407218838231, 0.1967543170133308]","[0.11521836744995806, nan, nan, nan, nan, 0.048117954791506476, 0.019375621711192392, 0.06585462311375609]",
T_max,1200,Rand,Jennrich_V2,1500,3200,1200,112319806.83318314,"[-0.6292526910876001, 0.003742273080545328, 0.06529279126284325, 0.31488819737226265]","[nan, 0.00374227308054532, 0.004357298312670621, 0.18782209812843337, nan, 0.06529279126284325, nan, nan]",
T_max,1200,Rand,CP_ALS,1500,3200,1200,112319806.83318314,"[-0.44143430013139506, 0.13090077377223452, 0.13090143878233185, 0.31053431408906973]","[nan, nan, 3.4150294777046675e-06, 3.7071722283621433e-06, nan, nan, 1.0798726598204578e-06, 1.7448827571431291e-06]",
T_max,1200,Rand,QFAMES,1500,3200,1200,112319806.83318314,"[-0.4414259869231263, -9.320256459397717e-06, 0.003949013076874143, 0.12694901307687376, 0.1309073464102073, 0.13486567974354083, 0.1425323464102069, 0.3066156797435405, 0.3105323464102074]","[4.6060360402444545e-06, 0.003949013076874135, 1.4473506153578342e-06, 0.5762962727027076, 0.003915219316051544, 9.320256459397717e-06, 7.65251063258865e-06, 0.003950680822700947]",[1 0 0 0 0 0 0 0 0]
T_max,1200,Stand,QPE,1000,7,910.9560281353014,1807.6783683309886,0.3104015777334591,0.13102901522570742,
T_max,1200,Stand,KQPE,1000,7,910.9560281353014,1807.6783683309886,0.3103808856744142,0.13104970728475235,
T_max,1200,Stand,QMEGS,1500,72,1200,35057.2476802104,"[-3.02563432025646, -2.2044259869231264, -0.394425986923126, -0.23030098692312612, 0.1309073464102073, 0.4921156797435407, 0.6833656797435409, 2.4662406797435406]","[0.04700460603604051, 2.2044259869231264, 0.18158478068394868, 0.21112960603604058, 0.3728347806839489, 3.02563432025646, 7.65251063258865e-06, 2.335340985843966]",
T_max,1200,Stand,Jennrich_V1,1500,3200,1200,112319806.83318314,"[-0.34351213481204934, 0.003635285922060741, 0.13231123594470995, 0.2216819958221283]","[0.0979184581471172, 0.0036352859220607327, 0.08884890323746372, nan, nan, nan, 0.0014115420451352445, nan]",
T_max,1200,Stand,Jennrich_V2,1500,3200,1200,112319806.83318314,"[-0.12281116520447526, -0.06939845946015694, 0.003735057878330031, 0.1884399257809673]","[nan, 0.003735057878330023, nan, nan, nan, 0.06939845946015694, 0.057540231881392595, 0.25371085910404995]",
T_max,1200,Stand,CP_ALS,1500,3200,1200,112319806.83318314,"[-0.44143048969718046, -3.153224077561217e-07, 0.13089959388708514, 0.3105319445179425]","[1.0326198607302217e-07, nan, 1.0454583505015158e-06, nan, nan, 3.153224077561217e-07, 1.0001248956781339e-07, nan]",
T_max,1200,Stand,QFAMES,1500,3200,1200,112319806.83318314,"[-0.44538432025645985, -0.4414259869231263, -0.43746765358979267, -9.320256459397717e-06, 0.12694901307687376, 0.1309073464102073, 0.13486567974354083, 0.3066156797435405, 0.3105323464102074]","[4.6060360402444545e-06, 0.13486567974354083, 1.4473506153578342e-06, 0.0039537272972931525, 0.003915219316051544, 9.320256459397717e-06, 7.65251063258865e-06, 0.003950680822700947]",[1 0 0 0 0 0 0 0 0]
T_max,1600,None,QPE,1000,7,910.9560281353014,1807.6783683309886,0.0,0.44143059295916653,
T_max,1600,None,KQPE,1000,7,910.9560281353014,1807.6783683309886,0.0,0.44143059295916653,
T_max,1600,None,QMEGS,1500,74,1600,49136.51709222897,"[-3.113342653589793, -2.192873903589793, -0.8558426535897932, -0.4414364035897932, -0.026998903589793063, 1.3100323464102073, 2.2305010964102068, 2.448438596410208]","[0.41441206063062663, 2.192873903589793, 0.9995014473506152, 5.810630626490454e-06, 1.9199701973506147, 0.026998903589793063, 2.317538902510633, 3.2442423474893674]",
T_max,1600,None,Jennrich_V1,1500,3200,1600,149759742.4442439,"[-0.4462043141788858, -0.43314997906307523, 0.002879717670755568, 0.31125352149434565]","[0.008280613896091304, 0.0028797176707555596, 0.0007226224347536281, 0.004773721219719085, nan, nan, nan, nan]",
T_max,1600,None,Jennrich_V2,1500,3200,1600,149759742.4442439,"[-0.8134467626534679, -0.5027709677662303, 0.06509056334793344, 0.5560961350394774]","[0.3720161696943014, 0.06509056334793342, 0.2455652359798854, 0.06134037480706361, nan, nan, nan, nan]",
T_max,1600,None,CP_ALS,1500,3200,1600,149759742.4442439,"[-0.44143115985631043, -0.4414303445047656, -4.906216012631771e-07, 0.3105304635373608]","[2.4845440094178883e-07, nan, 4.355222312235618e-07, 5.668971437278181e-07, nan, 4.906216012631771e-07, nan, nan]",
T_max,1600,None,QFAMES,1500,3200,1600,149759742.4442439,"[-0.44440515358979277, -0.4414364035897932, -0.4384676535897934, -0.002998903589792903, 1.096410206919557e-06, 0.002969846410206902, 0.30756359641020686, 0.3105323464102069, 0.3135010964102071]","[0.002962939369373141, 1.0964102069114339e-06, 1.4473506148582338e-06, 5.810630626490454e-06, 0.0029673026493851618, 0.002969846410206902, 0.1338985974893676, 0.18260140251063242]",[2 1 1 0 0 0 0 0 0]
T_max,1600,Small,QPE,1000,7,910.9560281353014,1807.6783683309886,0.07480179344753382,0.36662879951163274,
T_max,1600,Small,KQPE,1000,7,910.9560281353014,1807.6783683309886,0.0,0.44143059295916653,
T_max,1600,Small,QMEGS,1500,74,1600,49136.51709222897,"[-2.7994364035897927, -2.192842653589793, -0.712436403589793, -0.4413426535897932, 0.13050109641020716, 0.3103448464102067, 0.8422510964102075, 2.480188596410208]","[8.793936937334657e-05, 2.192842653589793, 0.0001860526493853154, 0.2710058106306263, 0.5317201973506154, 2.7994364035897927, 0.000398597489367547, 2.3492889025106334]",
T_max,1600,Small,Jennrich_V1,1500,3200,1600,149759742.4442439,"[-0.44825747715843345, -0.4328253854399791, 0.010393779417125007, 0.3210238963427317]","[0.008605207519187419, 0.010393779417124998, 0.010492997283139682, 0.006826884199266747, nan, nan, nan, nan]",
T_max,1600,Small,Jennrich_V2,1500,3200,1600,149759742.4442439,"[-0.813476789923578, -0.502780425868413, 0.06508165185546372, 0.5560684600951217]","[0.37204619696441144, 0.0650816518554637, 0.24553756103552965, 0.06134983290924628, nan, nan, nan, nan]",
T_max,1600,Small,CP_ALS,1500,3200,1600,149759742.4442439,"[-0.44142630282506257, -0.44142628606702394, 2.1290064405453053e-06, 0.3105313927508899]","[4.290134103968057e-06, 2.1290064405371823e-06, 4.936912978981134e-07, 4.306892142758034e-06, nan, nan, nan, nan]",
